INSERT_UPDATE brandNameEnum;code[unique=true];name[lang=en]
;Coreproductbrandname3m;3M;
;Coreproductbrandnameablockmarketing;A Block Marketing;
;Coreproductbrandnamea-gsod;A-G Sod;
;Coreproductbrandnamea.y.mcdonald;A.Y. McDonald;
;Coreproductbrandnamea&gagriculturalsupply;A&G Agricultural Supply;
;Coreproductbrandnameaathreadsealtape;AA Thread Seal Tape;
;Coreproductbrandnameacclima;Acclima;
;Coreproductbrandnameaccordindustries;Accord Industries;
;Coreproductbrandnameacepump&supply;Ace Pump & Supply;
;Coreproductbrandnameacfenvironmental;ACF Environmental;
;Coreproductbrandnameacfwest;ACF West;
;Coreproductbrandnameackerstone;Ackerstone;
;Coreproductbrandnameacme;ACME;
;Coreproductbrandnameacmebag;ACME Bag;
;Coreproductbrandnameactionmachining;Action Machining;
;Coreproductbrandnameactionplastics;Action Plastics;
;Coreproductbrandnameadams;Adams;
;Coreproductbrandnameads;ADS;
;Coreproductbrandnameadvantageproducts;Advantage Products;
;Coreproductbrandnameaffiliatedresources;Affiliated Resources;
;Coreproductbrandnameagdist&adi;AG Dist & ADI;
;Coreproductbrandnameagplus;Agplus;
;Coreproductbrandnameagridraincorporation;Agri Drain Corporation;
;Coreproductbrandnameagri-fab;Agri-Fab;
;Coreproductbrandnameagrolandscape;AGRO Landscape;
;Coreproductbrandnamealaddinequipment;Aladdin Equipment;
;Coreproductbrandnamealbaugh;Albaugh;
;Coreproductbrandnameallspecenclosures;All Spec Enclosures;
;Coreproductbrandnameallenspecialproducts;Allen Special Products;
;Coreproductbrandnamealliance;Alliance;
;Coreproductbrandnamealliancedesigner;Alliance Designer;
;Coreproductbrandnameallianceseed;Alliance Seed;
;Coreproductbrandnamealliedmolded;Allied Molded;
;Coreproductbrandnamealphaomegaprofileextrusions;Alpha Omega Profile Extrusions;
;Coreproductbrandnamealphasod;Alpha Sod;
;Coreproductbrandnamealsasales&services;Alsa Sales & Services;
;Coreproductbrandnameambisonicsystems;Ambisonic Systems;
;Coreproductbrandnameamcor;Amcor;
;Coreproductbrandnameamericawestenvironmental;America West Environmental;
;Coreproductbrandnameamericanbio-systems;American Bio-Systems;
;Coreproductbrandnameamericanexcelsior;American Excelsior;
;Coreproductbrandnameamericangranby;American Granby;
;Coreproductbrandnameamericanrocksalt;American Rock Salt;
;Coreproductbrandnameamericanstone;American Stone;
;Coreproductbrandnameamesfire&waterworks;Ames Fire & Waterworks;
;Coreproductbrandnameamestruetemper;Ames True Temper;
;Coreproductbrandnameamiadfiltrationsystems;Amiad Filtration Systems;
;Coreproductbrandnameamodio'sgardencenter;Amodio's Garden Center;
;Coreproductbrandnameamvac;AMVAC;
;Coreproductbrandnamean-wil;An-Wil;
;Coreproductbrandnameandersons;Andersons;
;Coreproductbrandnameanstar;Anstar;
;Coreproductbrandnameantelco;Antelco;
;Coreproductbrandnameapf;APF;
;Coreproductbrandnameapplegateenvironmental;Applegate Environmental;
;Coreproductbrandnameapplewoodseed;Applewood Seed;
;Coreproductbrandnameappliedbiochemists;Applied Biochemists;
;Coreproductbrandnameappliedengineeringproducts;Applied Engineering Products;
;Coreproductbrandnameaquacontrol;Aqua Control;
#;Coreproductbrandnameaquamaster;Aqua Master;
;Coreproductbrandnameaqualine;Aqualine;
#;Coreproductbrandnameaquamaster;Aquamaster;
;Coreproductbrandnameaquascape;Aquascape;
;Coreproductbrandnameaquashield;Aquashield;
;Coreproductbrandnameaquatrols;Aquatrols;
;Coreproductbrandnameaquaworx;Aquaworx;
;Coreproductbrandnamearborbrace;Arborbrace;
;Coreproductbrandnamearborjet;Arborjet;
;Coreproductbrandnamearcmate;Arcmate;
;Coreproductbrandnameargos;Argos;
;Coreproductbrandnamearmadatechnologies;Armada Technologies;
;Coreproductbrandnamearonson;Aronson;
;Coreproductbrandnamearrowheadquarries;Arrow Head Quarries;
;Coreproductbrandnameasi;ASI;
;Coreproductbrandnameaspenearth;Aspen Earth;
;Coreproductbrandnameaspenvalley;Aspen Valley;
;Coreproductbrandnameathensseed;Athens Seed;
;Coreproductbrandnameatlanticwatergardens;Atlantic Water Gardens;
;Coreproductbrandnameats;ATS;
;Coreproductbrandnameaurolight;Aurolight;
;Coreproductbrandnameaurorapeat;Aurora Peat;
;Coreproductbrandnameauroralight;Auroralight;
;Coreproductbrandnameaustinville;Austinville;
;Coreproductbrandnameayerssupply;Ayers Supply;
;Coreproductbrandnameb&btechnologies;B&B Technologies;
;Coreproductbrandnameb&g;B&G;
;Coreproductbrandnameb&tstoneworks;B&T Stone Works;
;Coreproductbrandnamebacktonature;Back To Nature;
;Coreproductbrandnamebackedbybayer;Backedbybayer;
;Coreproductbrandnamebadgermeter;Badger Meter;
;Coreproductbrandnamebarkybeaver;Barky Beaver;
;Coreproductbrandnamebasalite;Basalite;
;Coreproductbrandnamebaseline;Baseline;
;Coreproductbrandnamebasf;BASF;
;Coreproductbrandnamebatrow;Batrow;
;Coreproductbrandnamebaybusinesscredit;Bay Business Credit;
;Coreproductbrandnamebayer;Bayer;
;Coreproductbrandnamebeckerunderwood;Becker Underwood;
;Coreproductbrandnamebelgard;Belgard;
;Coreproductbrandnamebelgard®;Belgard®;
;Coreproductbrandnamebelllabs;Bell Labs;
;Coreproductbrandnamebermad;Bermad;
;Coreproductbrandnameberryglobal;Berry Global;
;Coreproductbrandnamebestchoice;Best Choice;
;Coreproductbrandnamebethelfarms;Bethel Farms;
;Coreproductbrandnamebigfoot;Big Foot;
;Coreproductbrandnamebiofeed;Biofeed;
;Coreproductbrandnamebiopro;BioPro;
;Coreproductbrandnamebiosafesystems;Biosafe Systems;
;Coreproductbrandnamebishop;Bishop;
;Coreproductbrandnameblack&decker;Black & Decker;
;Coreproductbrandnameblazing;Blazing;
;Coreproductbrandnameblazingproducts;Blazing Products;
;Coreproductbrandnameblu-lock®;Blu-Lock®;
;Coreproductbrandnamebluemaxmaterials;Blue Max Materials;
;Coreproductbrandnamebluemonster;Blue Monster;
;Coreproductbrandnamebluestone;Blue Stone;
;Coreproductbrandnamebmd;BMD;
;Coreproductbrandnamebmj;BMJ;
;Coreproductbrandnameboisecascadebuildingmaterials;Boise Cascade Building Materials;
;Coreproductbrandnamebonus;Bonus;
;Coreproductbrandnamebooks;Books;
;Coreproductbrandnameborderconcepts;Border Concepts;
;Coreproductbrandnamebossmanufacturing;Boss Manufacturing;
;Coreproductbrandnameboulderlookstone;Boulder Look Stone;
;Coreproductbrandnamebowsmith;Bowsmith;
;Coreproductbrandnamebpv;BPV;
;Coreproductbrandnamebrandtconsolidated;Brandt Consolidated;
;Coreproductbrandnamebreeo;Breeo;
;Coreproductbrandnamebrickstop;Brickstop;
;Coreproductbrandnamebridgewellresources;Bridgewell Resources;
;Coreproductbrandnamebrillianceled;Brilliance LED;
;Coreproductbrandnamebriner&son;Briner & Son;
;Coreproductbrandnamebrinly-hardy;Brinly-Hardy;
;Coreproductbrandnamebroan-nutone;Broan-Nutone;
;Coreproductbrandnamebrooks;Brooks;
;Coreproductbrandnamebuckman's;Buckman'S;
;Coreproductbrandnamebucknersuperior;Buckner Superior;
;Coreproductbrandnameburly;Burly;
;Coreproductbrandnamebuysod;Buy Sod;
;Coreproductbrandnamebvp;BVP;
;Coreproductbrandnamebwi;BWI;
;Coreproductbrandnamecalam;Cal AM;
;Coreproductbrandnamecalsense;Calsense;
;Coreproductbrandnamecalstone;Calstone;
;Coreproductbrandnamecambridgebrass;Cambridge Brass;
;Coreproductbrandnamecambridgepaver;Cambridge Paver;
;Coreproductbrandnamecampaniainternational;Campania International;
;Coreproductbrandnamecapitalforest;Capital Forest;
;Coreproductbrandnamecarlisle;Carlisle;
;Coreproductbrandnamecarolina;Carolina;
;Coreproductbrandnamecarolinabulkagregates;Carolina Bulk Agregates;
;Coreproductbrandnamecarrhill;Carrhill;
;Coreproductbrandnamecastlighting;Cast Lighting;
;Coreproductbrandnamecastlerockquarries;Castlerock Quarries;
;Coreproductbrandnamecastohn;Castohn;
;Coreproductbrandnamecatchmaster;Catchmaster;
;Coreproductbrandnamecatchy;Catchy;
;Coreproductbrandnamecavecovestone;Cave Cove Stone;
;Coreproductbrandnamecentennialplastics;Centennial Plastics;
;Coreproductbrandnamecentralgarden&petcompany;Central Garden & Pet Company;
;Coreproductbrandnamecentralsalt;Central Salt;
;Coreproductbrandnamecentury;Century;
;Coreproductbrandnamecfiindustries;CFI Industries;
;Coreproductbrandnamechampion-arrowhead;Champion-Arrowhead;
;Coreproductbrandnamechanshareselect;Chanshare Select;
;Coreproductbrandnamechapin;Chapin;
;Coreproductbrandnamecharterplastics;Charter Plastics;
;Coreproductbrandnamechem-tainer;Chem-Tainer;
;Coreproductbrandnamechemicalsolution;Chemical Solution;
;Coreproductbrandnamecherokeemanufacture;Cherokee Manufacture;
;Coreproductbrandnamecjredwoodlumbe;CJ Redwood Lumbe;
;Coreproductbrandnameclaude;Claude;
;Coreproductbrandnamecleveland;Cleveland;
;Coreproductbrandnameclowvalve;Clow Valve;
;Coreproductbrandnamecol-met;Col-Met;
;Coreproductbrandnamecoloradolining;Colorado Lining;
;Coreproductbrandnamecolumbiasilicasand;Columbia Silica Sand;
;Coreproductbrandnamecompostcentral;Compost Central;
;Coreproductbrandnamecomtec;Comtec;
;Coreproductbrandnameconcretecatchbasins;Concrete Catch Basins;
;Coreproductbrandnameconcretefabricators;Concrete Fabricators;
;Coreproductbrandnamecondonfarms;Condon Farms;
;Coreproductbrandnamecontrolscape;Control Scape;
;Coreproductbrandnamecontrolsolutions;Control Solutions;
;Coreproductbrandnamecoombssodfarm;Coombs Sod Farm;
;Coreproductbrandnamecooperlighting;Cooper Lighting;
;Coreproductbrandnamecornerstone;CornerStone;
;Coreproductbrandnamecorona;Corona;
;Coreproductbrandnamecountrygreenturffarms;Country Green Turf Farms;
;Coreproductbrandnamecoverall;Coverall;
;Coreproductbrandnamecoyote;Coyote;
;Coreproductbrandnamecreativesensortechnology;Creative Sensor Technology;
;Coreproductbrandnamecresline;Cresline;
;Coreproductbrandnamecropproductionservices;Crop Production Services;
;Coreproductbrandnamecrystal;Crystal;
;Coreproductbrandnamecrystalgeyser;Crystal Geyser;
;Coreproductbrandnamecscarey;CS Carey;
;Coreproductbrandnamecsh;CSH;
;Coreproductbrandnameculbrethstone;Culbreth Stone;
;Coreproductbrandnamecultec;Cultec;
;Coreproductbrandnamecumberland;Cumberland;
;Coreproductbrandnamecummingsandbricker;Cummings and Bricker;
;Coreproductbrandnamecutterdiamond;Cutter Diamond;
;Coreproductbrandnamedandjsales;D and J Sales;
;Coreproductbrandnamedabmar;Dabmar;
;Coreproductbrandnamedalton;Dalton;
;Coreproductbrandnamedannermanufacturing;Danner Manufacturing;
;Coreproductbrandnamedannyrsherril;Danny R Sherril;
;Coreproductbrandnamedaveytree;Davey Tree;
;Coreproductbrandnamedawnindustries;Dawn Industries;
;Coreproductbrandnamedaytonbag&burlap;Dayton Bag & Burlap;
;Coreproductbrandnamedealerselectric;Dealers Electric;
;Coreproductbrandnamedeeprootgreen;Deeproot Green;
;Coreproductbrandnamedekorra;Dekorra;
;Coreproductbrandnamedelawarequarries;Delaware Quarries;
;Coreproductbrandnamedeleasod;Delea Sod;
;Coreproductbrandnamedelliquadri;Delliquadri;
;Coreproductbrandnamedelongcompany,inc;Delong Company, Inc;
;Coreproductbrandnamedeltabluegrass;Delta Bluegrass;
;Coreproductbrandnamedetroitsalt;Detroit Salt;
;Coreproductbrandnamedewitt;Dewitt;
;Coreproductbrandnamediamondtreeexperts;Diamond Tree Experts;
;Coreproductbrandnamedig;Dig;
;Coreproductbrandnamedimex;Dimex;
;Coreproductbrandnamedirectseedsales;Direct Seed Sales;
;Coreproductbrandnamediversifiedbrands/krylon;Diversified Brands/Krylon;
;Coreproductbrandnamediversitech;Diversitech;
;Coreproductbrandnamedonotbuy-reg;Do Not Buy-Reg;
;Coreproductbrandnamedoggett;Doggett;
;Coreproductbrandnamedow;Dow;
;Coreproductbrandnamedowagrosciences;Dow Agrosciences;
;Coreproductbrandnamedrainbox;Drainbox;
;Coreproductbrandnamedramm;Dramm;
;Coreproductbrandnamedrexel;Drexel;
;Coreproductbrandnamedrexelchemical;Drexel Chemical;
;Coreproductbrandnamedunlop;Dunlop;
;Coreproductbrandnameduraplastic;Dura Plastic;
;Coreproductbrandnamedura-prostake;Dura-Pro Stake;
;Coreproductbrandnamedurcell;Durcell;
;Coreproductbrandnameeagleenvironmental;Eagle Environmental;
;Coreproductbrandnameeaglemanufacturing;Eagle Manufacturing;
;Coreproductbrandnameearth&turf;Earth & Turf;
;Coreproductbrandnameearthcareinternational;Earthcare International;
;Coreproductbrandnameearthcoreindustries;Earthcore Industries;
;Coreproductbrandnameearthsaverserosioncontrol;Earthsavers Erosion Control;
;Coreproductbrandnameearthway;EarthWay;
;Coreproductbrandnameeastcoasterosion;East Coast Erosion;
;Coreproductbrandnameeasternirrigationsupplyinc;Eastern Irrigation Supply Inc;
;Coreproductbrandnameeasypropond;EasyPro Pond;
;Coreproductbrandnameeasyturf;EasyTurf;
;Coreproductbrandnameecgrow;Ec Grow;
;Coreproductbrandnameechelon;Echelon;
;Coreproductbrandnameecologel;Ecologel;
;Coreproductbrandnameecologelsolutions;Ecologel Solutions;
;Coreproductbrandnameecoturf;Ecoturf;
;Coreproductbrandnameedmunda.gray;Edmund A. Gray;
;Coreproductbrandnameeisel;Eisel;
;Coreproductbrandnameeldoradostone;Eldorado Stone;
;Coreproductbrandnameelectratarp;Electra Tarp;
;Coreproductbrandnameelectricalsales;Electrical Sales;
;Coreproductbrandnameelster;Elster;
;Coreproductbrandnameemsco;EMSCO;
;Coreproductbrandnameengageagro;Engage Agro;
;Coreproductbrandnameenvirocolor;Envirocolor;
;Coreproductbrandnameenvironmentalwood;Environmental Wood;
;Coreproductbrandnameepic;EPIC;
;Coreproductbrandnameepicplastics;Epic Plastics;
;Coreproductbrandnameepoleon;Epoleon;
;Coreproductbrandnameernstconservation;ERNST Conservation;
;Coreproductbrandnameerosiontech;Erosion Tech;
;Coreproductbrandnameesp;ESP;
;Coreproductbrandnameespoma;Espoma;
;Coreproductbrandnameevergreen;Evergreen;
;Coreproductbrandnameeverris;Everris;
;Coreproductbrandnameexceptionalproducts;Exceptional Products;
;Coreproductbrandnameezweldgroup;EZ Weld Group;
;Coreproductbrandnameez-flo;EZ-Flo;
;Coreproductbrandnamefpparker;F P Parker;
;Coreproductbrandnamef&m;F&M;
;Coreproductbrandnameferguson;Ferguson;
;Coreproductbrandnamefernco;Fernco;
;Coreproductbrandnamefertitechnologies;Ferti Technologies;
;Coreproductbrandnamefiberglassinnovations;Fiberglass Innovations;
;Coreproductbrandnamefilmtech;Filmtech;
;Coreproductbrandnamefiltrexx;Filtrexx;
;Coreproductbrandnamefimco;Fimco;
;Coreproductbrandnamefinleytopsoil;Finley Topsoil;
;Coreproductbrandnamefirerockproducts;Fire Rock Products;
;Coreproductbrandnamefirestonebuilding;Firestone Building;
;Coreproductbrandnamefiskars;Fiskars;
;Coreproductbrandnamefivestar;Five Star;
;Coreproductbrandnameflexrake;Flexrake;
;Coreproductbrandnameflint&walling;Flint & Walling;
;Coreproductbrandnameflomatic;Flomatic;
;Coreproductbrandnamefloridawaterlines;Florida Waterlines;
;Coreproductbrandnameflorikote;Florikote;
;Coreproductbrandnamefmc;FMC;
;Coreproductbrandnamefocus;Focus;
;Coreproductbrandnameforestwoodfiber;Forest Wood Fiber;
;Coreproductbrandnamefortune;Fortune;
;Coreproductbrandnamefranklin;Franklin;
;Coreproductbrandnamefranklinelectric;Franklin Electric;
;Coreproductbrandnamefrontierfertilizer&chemical;Frontier Fertilizer & Chemical;
;Coreproductbrandnamefrostbite;Frostbite;
;Coreproductbrandnamefxluminaire;FX Luminaire;
;Coreproductbrandnameg&cenclosure;G&C Enclosure;
;Coreproductbrandnamegardengirlsrepellents;Garden Girls Repellents;
;Coreproductbrandnamegardenville;Garden Ville;
;Coreproductbrandnamegardenscape;Gardenscape;
;Coreproductbrandnamegardner;Gardner;
;Coreproductbrandnamegarick;Garick;
;Coreproductbrandnamegentrol;Gentrol;
;Coreproductbrandnamegeooptions;Geo Options;
;Coreproductbrandnamegeoschofield;Geo Schofield;
;Coreproductbrandnamegeorgiamasonary;Georgia Masonary;
;Coreproductbrandnamegeorgiapinestraw;Georgia Pine Straw;
;Coreproductbrandnamegileschemical;Giles Chemical;
;Coreproductbrandnamegilmour;Gilmour;
;Coreproductbrandnameglennsand;Glenn Sand;
;Coreproductbrandnameglobalirrigation;Global Irrigation;
;Coreproductbrandnameglobalmaterialtechnologies;Global Material Technologies;
;Coreproductbrandnameglobalsyn-turf;Global Syn-Turf;
;Coreproductbrandnameglueelouee;Gluee Louee;
;Coreproductbrandnamegnc;GNC;
;Coreproductbrandnamegoatthroat;GoatThroat;
;Coreproductbrandnamegoodyear;Goodyear;
;Coreproductbrandnamegowancompany;Gowan Company;
;Coreproductbrandnamegph;GPH;
;Coreproductbrandnamegpk;GPK;
;Coreproductbrandnamegraham;Graham;
;Coreproductbrandnamegraincofs;Grainco FS;
;Coreproductbrandnamegrainger;Grainger;
;Coreproductbrandnamegrassact;Grass Act;
;Coreproductbrandnamegraybar;Graybar;
;Coreproductbrandnamegreenresource;Green Resource;
;Coreproductbrandnamegreenseed;Green Seed;
;Coreproductbrandnamegreencycle;Greencycle;
;Coreproductbrandnamegreendelllandsape;Greendell Landsape;
;Coreproductbrandnamegreenedge;GreenEdge;
;Coreproductbrandnamegreenlee;Greenlee;
;Coreproductbrandnamegreenworkscommercial;Greenworks Commercial;
;Coreproductbrandnamegrilloorganics;Grillo Organics;
;Coreproductbrandnamegriswoldcontrols;Griswold Controls;
;Coreproductbrandnamegro;GRO;
;Coreproductbrandnamegrogreensolutionsgeorgia;Grogreen Solutions Georgia;
;Coreproductbrandnamegrowmore;Grow More;
;Coreproductbrandnamegrowerschoice;Growers Choice;
;Coreproductbrandnamegrowmark;Growmark;
;Coreproductbrandnameguardshack;Guardshack;
;Coreproductbrandnamegunther;Gunther;
;Coreproductbrandnamehadco;Hadco;
;Coreproductbrandnamehaiku;Haiku;
;Coreproductbrandnamehalcolighting;Halco Lighting;
;Coreproductbrandnamehamilton;Hamilton;
;Coreproductbrandnamehammond;Hammond;
;Coreproductbrandnamehancockseed;Hancock Seed;
;Coreproductbrandnamehanesgeo;Hanes GEO;
;Coreproductbrandnameharco;Harco;
;Coreproductbrandnamehardscapes;Hardscapes;
;Coreproductbrandnameharp’starps;Harp’s Tarps;
;Coreproductbrandnamehartman;Hartman;
;Coreproductbrandnamehavahart;Havahart;
;Coreproductbrandnamehedburgsupply;Hedburg Supply;
;Coreproductbrandnamehenderson;Henderson;
;Coreproductbrandnameherbimaxcroporation;Herbimax Croporation;
;Coreproductbrandnamehighcountryfusion;High Country Fusion;
;Coreproductbrandnamehillman;Hillman;
;Coreproductbrandnamehinkley;Hinkley;
;Coreproductbrandnamehinspergers;Hinspergers;
;Coreproductbrandnamehitproducts;Hit Products;
;Coreproductbrandnamehocking;Hocking;
;Coreproductbrandnamehockinginternational;Hocking International;
;Coreproductbrandnameholeinwhite;Hole In White;
;Coreproductbrandnamehomerindustries;Homer Industries;
;Coreproductbrandnamehowe;Howe;
;Coreproductbrandnamehubbell;Hubbell;
;Coreproductbrandnamehulton;Hulton;
;Coreproductbrandnamehunter;Hunter;
;Coreproductbrandnamehydro-gardens;Hydro-Gardens;
;Coreproductbrandnamehydro-rain;Hydro-Rain;
;Coreproductbrandnamehydropoint;Hydropoint;
;Coreproductbrandnamehydrostraw;Hydrostraw;
;Coreproductbrandnameidealindustries;Ideal Industries;
;Coreproductbrandnameidealtridon;Ideal Tridon;
;Coreproductbrandnameigloo;Igloo;
;Coreproductbrandnameinnovativepestcontrol;Innovative Pest Control;
;Coreproductbrandnameinov8;INOV8;
;Coreproductbrandnameintermatic;Intermatic;
;Coreproductbrandnameinvadetechnology;InVade Technology;
;Coreproductbrandnameips;IPS;
;Coreproductbrandnameiqpowertools;IQ Power Tools;
;Coreproductbrandnameironwillfarm;Iron Will Farm;
;Coreproductbrandnameirritec;Irritec;
;Coreproductbrandnameirrometer;Irrometer;
;Coreproductbrandnameirvine;Irvine;
;Coreproductbrandnameisco;Isco;
;Coreproductbrandnamejteaton;J T Eaton;
;Coreproductbrandnamej.c.whitlam;J.C. Whitlam;
;Coreproductbrandnamej.h.harturbanforestry;J.H. Hart Urban Forestry;
;Coreproductbrandnamej.m.eagle;J.M. Eagle;
;Coreproductbrandnamej.r.simplot;J.R. Simplot;
;Coreproductbrandnamejainirrigation;Jain Irrigation;
;Coreproductbrandnamejanisan;Janisan;
;Coreproductbrandnamejaspersonsodservice;Jasperson Sod Service;
;Coreproductbrandnamejbinstantlawn;JB Instant Lawn;
;Coreproductbrandnamejdlmisclandedt&ls;JDL Misc Landed T&LS;
;Coreproductbrandnamejemasco;Jemasco;
;Coreproductbrandnamejgbenterprises;JGB Enterprises;
;Coreproductbrandnamejksventures;JKS Ventures;
;Coreproductbrandnamejohndeerelandscapes;John Deere Landscapes;
;Coreproductbrandnamejohnsonconcrete;Johnson Concrete;
;Coreproductbrandnamejohnsondiversified;Johnson Diversified;
;Coreproductbrandnamejollyfarmer;Jolly Farmer;
;Coreproductbrandnamek-rain;K-Rain;
;Coreproductbrandnamekaleenterprises;Kale Enterprises;
;Coreproductbrandnamekamlar;Kamlar;
;Coreproductbrandnamekaput;Kaput;
;Coreproductbrandnamekascomarine;Kasco Marine;
;Coreproductbrandnamekellogg;Kellogg;
;Coreproductbrandnamekeson;Keson;
;Coreproductbrandnameketch-all;Ketch-All;
;Coreproductbrandnamekeyfittools;Keyfit Tools;
;Coreproductbrandnamekeystone;Keystone;
;Coreproductbrandnamekichler;Kichler;
;Coreproductbrandnamekifco;Kifco;
;Coreproductbrandnamekimlighting;Kim Lighting;
;Coreproductbrandnamekinginnovation;King Innovation;
;Coreproductbrandnamekissnermilling;Kissner Milling;
;Coreproductbrandnameknoxfertilizer;Knox Fertilizer;
;Coreproductbrandnamekristar;Kristar;
;Coreproductbrandnamel&m;L & M;
;Coreproductbrandnamel&wstone;L & W Stone;
;Coreproductbrandnamel.t.rich;L. T. Rich;
;Coreproductbrandnamel.c.briggsturffarm;L.C. Briggs Turf Farm;
;Coreproductbrandnamel.h.dottie;L.H. Dottie;
;Coreproductbrandnamelafargemid-atlantic;Lafarge Mid-Atlantic;
;Coreproductbrandnamelakejemfarms;Lake Jem Farms;
;Coreproductbrandnamelandscapeforms;Landscape Forms;
;Coreproductbrandnamelasco;Lasco;
;Coreproductbrandnamelaststoplighting;Last Stop Lighting;
;Coreproductbrandnamelayfield;Layfield;
;Coreproductbrandnamelebanonchemical;Lebanon Chemical;
;Coreproductbrandnamelebanonseaboard;Lebanon Seaboard;
;Coreproductbrandnamelebanonturf;Lebanon Turf;
;Coreproductbrandnameleemco;Leemco;
;Coreproductbrandnamelegendvalveandfittings;Legend Valve and Fittings;
;Coreproductbrandnamelemeur;LeMeur;
;Coreproductbrandnamelenox;Lenox;
;Coreproductbrandnamelesco;Lesco;
;Coreproductbrandnamelesco®;Lesco®;
;Coreproductbrandnameletco;Letco;
;Coreproductbrandnamelewis;Lewis;
;Coreproductbrandnamelibertypumps;Liberty Pumps;
;Coreproductbrandnameliphatech;Liphatech;
;Coreproductbrandnameliquidfence;Liquid Fence;
;Coreproductbrandnamelowe;Lowe;
;Coreproductbrandnameltr;LTR;
;Coreproductbrandnamem&hpinestraw;M&H Pine Straw;
;Coreproductbrandnamemaclean;Maclean;
;Coreproductbrandnamemaclenepower;Maclene Power;
;Coreproductbrandnamemajestic;Majestic;
;Coreproductbrandnamemarionag;Marion AG;
;Coreproductbrandnamemartinmariettamaterials;Martin Marietta Materials;
;Coreproductbrandnamemartinresources;Martin Resources;
;Coreproductbrandnamemastergardener;Master Gardener;
;Coreproductbrandnamematco-norca;Matco-Norca;
;Coreproductbrandnamematerialsales;Material Sales;
;Coreproductbrandnamemattresssafe;Mattress Safe;
;Coreproductbrandnamemaxijet;Maxijet;
;Coreproductbrandnamemcpacificholdings;MC Pacific Holdings;
;Coreproductbrandnamemcc;MCC;
;Coreproductbrandnamemclaughlingormleykingcompany;McLaughlin Gormley King Company;
;Coreproductbrandnamemcnearbrickandblock;MCNEAR Brick And Block;
;Coreproductbrandnamemearsfertilizer;Mears Fertilizer;
;Coreproductbrandnamemedinasodfarm;Medina Sod Farm;
;Coreproductbrandnamemelrose;Melrose;
;Coreproductbrandnamemerrill;Merrill;
;Coreproductbrandnamemeshoppenstone;Meshoppen Stone;
;Coreproductbrandnamemetalconcepts;Metal Concepts;
;Coreproductbrandnamemidatlantic;Mid Atlantic;
;Coreproductbrandnamemid-americamulch;Mid-America Mulch;
;Coreproductbrandnamemilorganite;Milorganite;
;Coreproductbrandnamemiltona;Miltona;
;Coreproductbrandnameminndakmagic;Minndak Magic;
;Coreproductbrandnamemirimichigreen;Mirimichi Green;
;Coreproductbrandnamemiscellaneousirrigation;Miscellaneous Irrigation;
;Coreproductbrandnamemiscellaneousvendor;Miscellaneous Vendor;
;Coreproductbrandnamemissouriorganic;Missouri Organic;
;Coreproductbrandnamemkminerals;MK Minerals;
;Coreproductbrandnamemoldingacquisitioncorporation;Molding Acquisition Corporation;
;Coreproductbrandnamemonsanto;Monsanto;
;Coreproductbrandnamemonterey;Monterey;
;Coreproductbrandnamemoonvisions;Moon Visions;
;Coreproductbrandnamemorgro;Morgro;
;Coreproductbrandnamemortonsalt;Morton Salt;
;Coreproductbrandnamemsinternational;MS International;
;Coreproductbrandnamemtd;MTD;
;Coreproductbrandnamemulchmanufacturing;Mulch Manufacturing;
;Coreproductbrandnamemultiflow;Multi Flow;
;Coreproductbrandnamemultiplestone;Multiple Stone;
;Coreproductbrandnamemunro;Munro;
;Coreproductbrandnamemutualmaterials;Mutual Materials;
;Coreproductbrandnamemutualmaterials-oregon;Mutual Materials-Oregon;
;Coreproductbrandnamemyerspower;Myers Power;
;Coreproductbrandnamen.merfishsupply;N. Merfish Supply;
;Coreproductbrandnamenaturalpaving;Natural Paving;
;Coreproductbrandnamenaturalsoilutions;Natural Soilutions;
;Coreproductbrandnamends;NDS;
;Coreproductbrandnameneladders;NELadders;
;Coreproductbrandnamenetafim;Netafim;
;Coreproductbrandnamenewearth;New Earth;
;Coreproductbrandnamenewportsandandgravel;Newport Sand And Gravel;
;Coreproductbrandnamengturf;NG Turf;
;Coreproductbrandnamenibco;Nibco;
;Coreproductbrandnamenisus;Nisus;
;Coreproductbrandnamenorthamericanspecialtyproducts;North American Specialty Products;
;Coreproductbrandnamenorthernmetalproducts;Northern Metal Products;
;Coreproductbrandnamenorthfieldblock;Northfield Block;
;Coreproductbrandnamenorthstarindustries;Northstar Industries;
;Coreproductbrandnamenorthstarstone;Northstar Stone;
;Coreproductbrandnamenorthwestlinings&geotextile;Northwest Linings & Geotextile;
;Coreproductbrandnamenorwesco;Norwesco;
;Coreproductbrandnamenovozymesbiologicals;Novozymes Biologicals;
;Coreproductbrandnamenufarm;Nufarm;
;Coreproductbrandnamenutrientsplus;Nutrients Plus;
;Coreproductbrandnamenuwool;Nuwool;
;Coreproductbrandnamenyp;NYP;
;Coreproductbrandnamenyx;NYX;
;Coreproductbrandnameoakfieldapparatus;Oakfield Apparatus;
;Coreproductbrandnameoakville;Oakville;
;Coreproductbrandnameoatey;Oatey;
;Coreproductbrandnameoccidentalchemical;Occidental Chemical;
;Coreproductbrandnameoetiker;Oetiker;
;Coreproductbrandnameohiomulch;Ohio Mulch;
;Coreproductbrandnameohiostone;Ohio Stone;
;Coreproductbrandnameoklahoma;Oklahoma;
;Coreproductbrandnameoldcarolina;Old Carolina;
;Coreproductbrandnameoldtownfiberglass;Old Town Fiberglass;
;Coreproductbrandnameoldcastlearchitectural;Oldcastle Architectural;
;Coreproductbrandnameolson;Olson;
;Coreproductbrandnameoregonaquatics;Oregon Aquatics;
;Coreproductbrandnameorival;Orival;
;Coreproductbrandnameowentreeservice;Owen Tree Service;
;Coreproductbrandnamepacific;Pacific;
;Coreproductbrandnamepacificecho;Pacific Echo;
;Coreproductbrandnamepacificplastics;Pacific Plastics;
;Coreproductbrandnamepacificsod;Pacific Sod;
;Coreproductbrandnamepacificsteel&recycling;Pacific Steel & Recycling;
;Coreproductbrandnamepackagingunlimited;Packaging Unlimited;
;Coreproductbrandnamepaigeelectric;Paige Electric;
;Coreproductbrandnameparagonprofessional;Paragon Professional;
;Coreproductbrandnameparaide;ParAide;
;Coreproductbrandnameparkavenueturf;Park Avenue Turf;
;Coreproductbrandnamepava;Pava;
;Coreproductbrandnamepave-tech;Pave-Tech;
;Coreproductbrandnamepavestone;Pavestone;
;Coreproductbrandnamepbi-gordon;PBI-Gordon;
;Coreproductbrandnamepcs;PCS;
;Coreproductbrandnamepeakseasons;Peak Seasons;
;Coreproductbrandnamepenickforest;Penick Forest;
;Coreproductbrandnamepentair;Pentair;
;Coreproductbrandnamepermagreen;Perma Green;
;Coreproductbrandnamepermaloc;Permaloc;
;Coreproductbrandnamephilips;Philips;
;Coreproductbrandnamephilipslighting;Philips Lighting;
;Coreproductbrandnamephillipjennings;Phillip Jennings;
;Coreproductbrandnamephillipspinwood;Phillips Pinwood;
;Coreproductbrandnamephoenix;Phoenix;
;Coreproductbrandnamephoenixpaper;Phoenix Paper;
;Coreproductbrandnamephoenixpaver;Phoenix Paver;
;Coreproductbrandnamepiedmontwellcovers;Piedmont Well Covers;
;Coreproductbrandnamepinehallbrick;Pine Hall Brick;
;Coreproductbrandnamepioneersand;Pioneer Sand;
;Coreproductbrandnamepipelifejetstream;Pipelife Jetstream;
;Coreproductbrandnameplacerwaterworks;Placer Waterworks;
;Coreproductbrandnameplantfoodsystems;Plant Food Systems;
;Coreproductbrandnameplant'schoice;Plant's Choice;
;Coreproductbrandnameplasticservicesandproducts;Plastic Services and Products;
;Coreproductbrandnameplattelectric;Platt Electric;
;Coreproductbrandnameplustar;Plustar;
;Coreproductbrandnamepolyamerica;Poly America;
;Coreproductbrandnameportacool;Portacool;
;Coreproductbrandnamepowerhead;Powerhead;
;Coreproductbrandnamepremierpinestraw;Premier Pinestraw;
;Coreproductbrandnameprescopolymers;Presco Polymers;
;Coreproductbrandnameprimerus;Primerus;
;Coreproductbrandnameprimesourcebuilding;Primesource Building;
;Coreproductbrandnameprinceminerals;Prince Minerals;
;Coreproductbrandnameprofloaerobic;Pro Flo Aerobic;
;Coreproductbrandnameproproducts;Pro Products;
;Coreproductbrandnamepro-sol;Pro-Sol;
;Coreproductbrandnamepro-steel;Pro-Steel;
;Coreproductbrandnameprofile;Profile;
;Coreproductbrandnameprogressiveturf;Progressive Turf;
;Coreproductbrandnameproplus;ProPlus;
;Coreproductbrandnameprotechenvironmentalsupply;Protech Environmental Supply;
;Coreproductbrandnamepumpsoftennessee;Pumps of Tennessee;
;Coreproductbrandnamepygar;Pygar;
;Coreproductbrandnamequakerfoods&beverage;Quaker Foods & Beverage;
;Coreproductbrandnamequalityminerals;Quality Minerals;
;Coreproductbrandnamequalitystone;Quality Stone;
;Coreproductbrandnamequikrete;Quikrete;
;Coreproductbrandnamequinn-perkins;Quinn-Perkins;
;Coreproductbrandnamerachio;Rachio;
#;Coreproductbrandnamerainbird;Rain Bird;
;Coreproductbrandnamerainmaster;Rain Master;
#;Coreproductbrandnamerainbird;RainBird;
;Coreproductbrandnamerainbowirrigation;Rainbow Irrigation;
;Coreproductbrandnamerainmaid;Rainmaid;
;Coreproductbrandnamerbr;RBR;
;Coreproductbrandnamerectorseal;Rectorseal;
;Coreproductbrandnameredbaysand;Red Bay Sand;
;Coreproductbrandnameredbluffsand&gravel;Red Bluff Sand & Gravel;
;Coreproductbrandnameregencywire;Regency Wire;
;Coreproductbrandnamereliance;Reliance;
;Coreproductbrandnamerepcor;Repcor;
;Coreproductbrandnameriches;Riches;
;Coreproductbrandnamerido'rust;Rid O'Rust;
;Coreproductbrandnameritewaytool;Rite Way Tool;
;Coreproductbrandnameritepack;RitePack;
;Coreproductbrandnamerivulis;Rivulis;
;Coreproductbrandnamernd;RND;
;Coreproductbrandnamerock-itnaturalston;Rock-It Natural Ston;
;Coreproductbrandnamerockmart;Rockmart;
;Coreproductbrandnamerockwell;Rockwell;
;Coreproductbrandnamerockyridgestone;Rocky Ridge Stone;
;Coreproductbrandnamerolfc.hagen;Rolf C. Hagen;
;Coreproductbrandnameroseagri-seed;Rose Agri-Seed;
;Coreproductbrandnamerubbermaid;Rubbermaid;
;Coreproductbrandnamerusco;Rusco;
;Coreproductbrandnameryanhercoproductscorp;Ryan Herco Products Corp;
;Coreproductbrandnamesvann;S Vann;
;Coreproductbrandnamesafe-t-cover;Safe-T-Cover;
;Coreproductbrandnamesakrete;Sakrete;
;Coreproductbrandnamesaltdepot;Salt Depot;
;Coreproductbrandnamesanctuary;Sanctuary;
;Coreproductbrandnamesandtrapper;Sandtrapper;
;Coreproductbrandnamesapphirelumber;Sapphire Lumber;
;Coreproductbrandnamesassafety;SAS safety;
;Coreproductbrandnamesavagefarms;Savage Farms;
;Coreproductbrandnamesavioengineering;Savio Engineering;
;Coreproductbrandnamesavkosales;Savko Sales;
;Coreproductbrandnamescenicroad;Scenic Road;
;Coreproductbrandnameschillergroundscare;Schiller Grounds Care;
;Coreproductbrandnameschneiderelectric;Schneider Electric;
;Coreproductbrandnamesdicompany;SDI Company;
;Coreproductbrandnamesefa;SEFA;
;Coreproductbrandnameseksurebond;SEK Surebond;
;Coreproductbrandnamesemco;Semco;
;Coreproductbrandnamesenninger;Senninger;
;Coreproductbrandnamesepro;Sepro;
;Coreproductbrandnamesevenspringsstone;Seven Springs Stone;
;Coreproductbrandnameseymourmidwest;Seymour Midwest;
;Coreproductbrandnamesgpmulch;SGP Mulch;
;Coreproductbrandnamesigma;Sigma;
;Coreproductbrandnamesignaturecontrolsystems;Signature Control Systems;
;Coreproductbrandnamesilvarastone;Silvara Stone;
;Coreproductbrandnamesimmons;Simmons;
;Coreproductbrandnamesimsbark;Sims Bark;
;Coreproductbrandnamesiouxchief;Sioux Chief;
;Coreproductbrandnamesiteone;SiteOne;
;Coreproductbrandnamesje;SJE;
;Coreproductbrandnamesmithblair;Smith Blair;
;Coreproductbrandnamesmithcopper;Smith Copper;
;Coreproductbrandnamesmithcreek;Smith Creek;
;Coreproductbrandnamesnllogistics;SNL Logistics;
;Coreproductbrandnamesodatlanta;Sod Atlanta;
;Coreproductbrandnamesoilsupply;Soil Supply;
;Coreproductbrandnamesolo;Solo;
;Coreproductbrandnamesolucal;Solucal;
;Coreproductbrandnamesoutheasternwire;Southeastern Wire;
;Coreproductbrandnamesoutherngolfflags;Southern Golf Flags;
;Coreproductbrandnamesouthernnurseries;Southern Nurseries;
;Coreproductbrandnamesouthernstatesturf;Southern States Turf;
;Coreproductbrandnamesouthlandsodfarms;Southland Sod Farms;
;Coreproductbrandnamesouthwesttrading;Southwest Trading;
;Coreproductbrandnamespears;Spears;
;Coreproductbrandnamespectrum;Spectrum;
;Coreproductbrandnamespjlighting;SPJ Lighting;
;Coreproductbrandnamespotsystems;Spot Systems;
;Coreproductbrandnamespotonturf;Spoton Turf;
;Coreproductbrandnamesquirrelmtnstone;Squirrel MTN Stone;
;Coreproductbrandnamesrw;SRW;
;Coreproductbrandnamestanroberts;Stan Roberts;
;Coreproductbrandnamesteri-fab;Steri-Fab;
;Coreproductbrandnamestevensstone;Stevens Stone;
;Coreproductbrandnamestingerequipment;Stinger Equipment;
;Coreproductbrandnamestokesladders;Stokes Ladders;
;Coreproductbrandnamestonepaving;Stone Paving;
;Coreproductbrandnamestoneturf;Stone Turf;
;Coreproductbrandnamestoverseed;Stover Seed;
;Coreproductbrandnamestrataflo;Strataflo;
;Coreproductbrandnamestrawsource;Straw Source;
;Coreproductbrandnamesummit;Summit;
;Coreproductbrandnamesungro;Sun GRO;
;Coreproductbrandnamesuncoastgarden;Suncoast Garden;
;Coreproductbrandnamesure-loc;Sure-Loc;
;Coreproductbrandnamesustane;Sustane;
;Coreproductbrandnamesuwanneelumber;Suwannee Lumber;
;Coreproductbrandnameswan;Swan;
;Coreproductbrandnameswiftstrawii;Swift Straw II;
;Coreproductbrandnamesyngenta;Syngenta;
;Coreproductbrandnamesyntheticturf;Synthetic Turf;
;Coreproductbrandnamet&r;T & R;
;Coreproductbrandnamet.christy;T. Christy;
;Coreproductbrandnamet.b.sirrigation;T.B.S Irrigation;
;Coreproductbrandnametargetspecialty;Target Specialty;
;Coreproductbrandnameteaguesand&gravel;Teague Sand & Gravel;
;Coreproductbrandnametechnisoil;Technisoil;
;Coreproductbrandnametecho-bloc;Techo-Bloc;
;Coreproductbrandnametee-2-green;Tee-2-Green;
;Coreproductbrandnameteka;Teka;
;Coreproductbrandnameteknorapex;Teknor Apex;
;Coreproductbrandnametenax;Tenax;
;Coreproductbrandnametennesseerock;Tennessee Rock;
;Coreproductbrandnametexasunitedpipe;Texas United Pipe;
;Coreproductbrandnamethebosworth;The Bosworth;
;Coreproductbrandnamethejdrussell;The JD Russell;
;Coreproductbrandnamethesource;The Source;
;Coreproductbrandnamethomas&bettscorporation;Thomas & Betts Corporation;
;Coreproductbrandnametiger-sul;Tiger-Sul;
;Coreproductbrandnametillson;Tillson;
;Coreproductbrandnametodol;Todol;
;Coreproductbrandnametoro;Toro;
;Coreproductbrandnametournesolsiteworks;Tournesol Siteworks;
;Coreproductbrandnametradco;Tradco;
;Coreproductbrandnametradesr;Trades R;
;Coreproductbrandnametransitionalsystems;Transitional Systems;
;Coreproductbrandnametravertinewarehouse;Travertine Warehouse;
;Coreproductbrandnametrcirrigationremotes;Trc Irrigation Remotes;
;Coreproductbrandnametreefrogenvironmental;Tree Frog Environmental;
;Coreproductbrandnametreestake;Tree Stake;
;Coreproductbrandnametreegator;Treegator;
;Coreproductbrandnametri-centerprises;Tri-C Enterprises;
;Coreproductbrandnametrigon;Trigon;
;Coreproductbrandnametripled;Triple D;
;Coreproductbrandnametruaudio;TruAudio;
;Coreproductbrandnametrynex;Trynex;
;Coreproductbrandnametucor;Tucor;
;Coreproductbrandnameturfcare;Turf Care;
;Coreproductbrandnameturfmerchants;Turf Merchants;
;Coreproductbrandnameturfgrassamerica;Turfgrass America;
;Coreproductbrandnametwicethestraw;Twice The Straw;
;Coreproductbrandnameu.s.plastic;U.S. Plastic;
;Coreproductbrandnameultrabasesystem;Ultra Base System;
;Coreproductbrandnameultracompost;Ultra Compost;
;Coreproductbrandnameunderhill;Underhill;
;Coreproductbrandnameunilock;Unilock;
;Coreproductbrandnameuniquelightingsystems;Unique Lighting Systems;
;Coreproductbrandnameunitedindustries;United Industries;
;Coreproductbrandnameunitedpipe&steel;United Pipe & Steel;
;Coreproductbrandnameunitedpvf;United PVF;
;Coreproductbrandnameuniversalenterprises;Universal Enterprises;
;Coreproductbrandnameuniversalforestproducts;Universal Forest Products;
;Coreproductbrandnameuniversallightingsystem;Universal Lighting System;
;Coreproductbrandnameuniversalsales;Universal Sales;
;Coreproductbrandnameupi;UPI;
;Coreproductbrandnameupstatematerials;Upstate Materials;
;Coreproductbrandnameuspoly;Uspoly;
;Coreproductbrandnameutilityvault;Utility Vault;
;Coreproductbrandnamevalent;Valent;
;Coreproductbrandnamevalleyview;Valley View;
;Coreproductbrandnamevansmith;Van Smith;
;Coreproductbrandnamevartek;Vartek;
;Coreproductbrandnameventuresystems;Venture Systems;
;Coreproductbrandnameverdesian;Verdesian;
;Coreproductbrandnamevictor;Victor;
;Coreproductbrandnamevictorstanley;Victor Stanley;
;Coreproductbrandnamevirgilreedstone;Virgil Reed Stone;
;Coreproductbrandnamevista;Vista;
;Coreproductbrandnamevitproducts;VIT Products;
;Coreproductbrandnamevolunteerstone;Volunteer Stone;
;Coreproductbrandnamevu-flowfilters;VU-Flow Filters;
;Coreproductbrandnamevulcan;Vulcan;
;Coreproductbrandnamewaclighting;WAC Lighting;
;Coreproductbrandnamewadeconnectors;Wade Connectors;
;Coreproductbrandnamewalrusamerica;Walrus America;
;Coreproductbrandnamewarrenpinestraw;Warren Pine Straw;
;Coreproductbrandnamewattsregulator;Watts Regulator;
;Coreproductbrandnamewattswatertechnologies;Watts Water Technologies;
;Coreproductbrandnameweathermatic;Weathermatic;
;Coreproductbrandnamewebmathenyplumbing;Web Matheny Plumbing;
;Coreproductbrandnamewellmade;Wellmade;
;Coreproductbrandnamewellmark;Wellmark;
;Coreproductbrandnamewesco;Wesco;
;Coreproductbrandnamewestcoastturf;West Coast Turf;
;Coreproductbrandnamewesthowell;West Howell;
;Coreproductbrandnamewesttek;West Tek;
;Coreproductbrandnamewesterncarolinastone;Western Carolina Stone;
;Coreproductbrandnamewesternmining;Western Mining;
;Coreproductbrandnamewhitacregreer;Whitacre Greer;
;Coreproductbrandnamewhittlesey;Whittlesey;
;Coreproductbrandnamewilbur-ellis;Wilbur-Ellis;
;Coreproductbrandnamewilco;Wilco;
;Coreproductbrandnamewillamettegraystone;Willamette Graystone;
;Coreproductbrandnamewilo;Wilo;
;Coreproductbrandnamewindingbrookturf;Winding Brook Turf;
;Coreproductbrandnamewinnelson;Winnelson;
;Coreproductbrandnamewoodmulch;Wood Mulch;
;Coreproductbrandnameworldclassathleticsurfaces;World Class Athletic Surfaces;
;Coreproductbrandnameworthingtonindustries;Worthington Industries;
;Coreproductbrandnamewwmanufacturing;WW Manufacturing;
;Coreproductbrandnamewwip;WWIP;
;Coreproductbrandnamexorb;Xorb;
;Coreproductbrandnamexylem;Xylem;
;Coreproductbrandnameyara;Yara;
;Coreproductbrandnamezanfel;Zanfel;
;Coreproductbrandnamezoeller;Zoeller;
;Coreproductbrandnamezurn;Zurn;
;;