Update SiteOneInvoice;invoiceNumber[unique=true];AccountDisplay
;88595151-001;"56331 - Rainscapes  "
;88614519-001;"890343-3102 - FLYNN "
;88464079-001;"80805-3006 - Ruppert Landscape-Raleigh Maintenance"
;88355329-001;"856017 - Lbc Sprinklers Inc.  "
;88314152-001;"963660 - Triton Irrigation, LLC "
;88535987-001;"41109 - Greenwing Lawn & Landscape Services Inc"
;88508519-001;"99999-0183 - Branch #183 Employee Account"
;88508661-001;"86270 - Stahlman Landscape Co (Dean)"
;88639584-001;"967753 - Tillmans Termite & Pest Control "
;88546972-001;"99999-0318 - Branch #318 Employee Account"
;88265837-001;"100000-31070 - 31070 BVLS San Carlos"
;88414349-001;"1442076 - Art Creations Landscapes Inc. "
;88598453-001;"247921 - Good To Grow LLC  "
;88545995-001;"274779-9101 - BELLAROSA "
;88403784-001;"1329595 - Hydroquest Irrigation "
;88245396-001;"1349270-9114 - J/ Huizar"
;88556022-001;"99999-0466 - Branch #466 Employee Account"

